{"packages/cupertino_icons/assets/CupertinoIcons.ttf":["packages/cupertino_icons/assets/CupertinoIcons.ttf"],"fonts/Roboto/Roboto-Black.ttf":["fonts/Roboto/Roboto-Black.ttf"],"fonts/Roboto/Roboto-Bold.ttf":["fonts/Roboto/Roboto-Bold.ttf"],"fonts/Roboto/Roboto-Light.ttf":["fonts/Roboto/Roboto-Light.ttf"],"fonts/Roboto/Roboto-Medium.ttf":["fonts/Roboto/Roboto-Medium.ttf"],"fonts/Roboto/Roboto-Regular.ttf":["fonts/Roboto/Roboto-Regular.ttf"],"fonts/Roboto/Roboto-Thin.ttf":["fonts/Roboto/Roboto-Thin.ttf"]}